{
  "count": 17,
  "offset_x_ratio": 0.004245046123926499,
  "offset_y_ratio": 0.002224874315249857,
  "radius_ratio": 0.8902316015003732,
  "dot_count": 20.0
}