{
  "epoch": 5,
  "val_iou": 0.9578068554401398,
  "best_val_iou": 0.9578068554401398
}